ContractNo,cycle actual sent date
OM6000,2025-02-08
OM6001,2025-02-10
OM6002,2025-03-03
OM6003,2025-02-17
OM6004,2025-01-28
OM6005,2025-02-08
OM6006,2025-02-01
OM6007,2025-02-05
OM6008,2025-03-04
OM6009,2025-01-18
OM6010,2025-02-15
OM6011,2025-02-01
OM6012,2025-02-20
OM6013,2025-02-07
OM6014,2025-01-23
OM6015,2025-02-27
OM6016,2025-02-16
OM6017,2025-02-17
OM6018,2025-02-24
OM6019,2025-03-06
OM6020,2025-03-11
OM6021,2025-03-10
OM6022,2025-01-28
OM6023,2025-01-20
OM6024,2025-02-01
OM6025,2025-03-13
OM6026,2025-01-30
OM6027,2025-02-08
OM6028,2025-02-09
OM6029,2025-02-25
OM6030,2025-02-12
OM6031,2025-02-11
OM6032,2025-02-03
OM6033,2025-03-10
OM6034,2025-03-08
OM6035,2025-03-11
OM6036,2025-01-16
OM6037,2025-01-23
OM6038,2025-01-17
OM6039,2025-02-11
